{
    "author": [
        "Zephyrkul (Zephyrkul#1089)"
    ],
    "install_msg": "Usage: `[p]help OnEdit`.",
    "name": "OnEdit",
    "short": "Allow users to run bot commands with edited messages, with a specified timeout.",
    "description": "Allow users to run bot commands with edited messages, with a specified timeout.",
    "min_bot_version": "3.5.0",
    "tags": [
        "utility"
    ],
    "end_user_data_statement": "This cog does not persistently store any data or metadata about users."
}
