{
    "author": [
        "Kreusada"
    ],
    "description": "View information about a colour.",
    "disabled": false,
    "end_user_data_statement": "This cog does not persistently store data or metadata about users.",
    "hidden": false,
    "install_msg": "Thanks for installing, have fun. Please refer to my docs if you need any help: https://kreusadacogs.readthedocs.io/en/latest/cog_colour.html",
    "name": "Colour",
    "required_cogs": {},
    "requirements": [
        "pillow"
    ],
    "short": "View information about a colour.",
    "tags": [
        "Colour",
        "Hex",
        "RGB",
        "HSL",
        "HSV",
        "CMYK",
        "XYZ"
    ],
    "type": "COG"
}