{
    "author": [
        "max"
    ],
    "name": "NekosBest",
    "install_msg": "Thanks for installing.\nif you enjoy my cog and wants to support me, you can do so from [github sponsor](<https://github.com/sponsors/ltzmax>) or [buy me a coffee](<https://www.buymeacoffee.com/ltzmax>)",
    "description": "Random Nekos.best images + RolePlay Commands.",
    "short": "Random Nekos.best images + RolePlay Commands.",
    "hidden": false,
    "min_bot_version": "3.5.0",
    "tags": [
        "images",
        "waifu",
        "nekos",
        "anime",
        "kitsune",
        "husbando"
    ],
    "permissions": [
        "embed_links"
    ],
    "requirements": ["orjson"],
    "min_python_version": [
        3,
        8,
        5
    ],
    "end_user_data_statement": "This cog stores Discord IDs for the count of each actions from any roleplay commands used. No privately informations is stored about users.",
    "type": "COG"
}
