{
    "author": ["AAA3A"],
    "name": "GuildStats",
    "install_msg": "Thank you for installing this cog!\nDo `[p]help CogName` to get the list of commands and their description. If you enjoy my work, please consider donating on [Buy Me a Coffee](<https://www.buymeacoffee.com/aaa3a>) or [Ko-Fi](<https://ko-fi.com/aaa3a>)!",
    "short": "A cog to generate images with messages and voice stats, for members, roles, guilds, categories, text channels, voice channels and activities!",
    "description": "A cog to generate images with messages and voice stats, for members, roles, guilds, categories, text channels, voice channels and activities!",
    "tags": [
        "stats",
        "messages",
        "voice",
        "member",
        "guild",
        "categories",
        "channel"
    ],
    "requirements": ["git+https://github.com/AAA3A-AAA3A/AAA3A_utils.git", "pillow", "plotly", "pandas", "kaleido==0.1.0", "fonttools"],
    "min_bot_version": "3.5.3",
    "min_python_version": [
        3,
        9,
        0
    ],
    "end_user_data_statement": "This cog does not persistently store data or metadata about users."
}