{
    "author" : ["saurichable", "Kreusada"],
    "install_msg": "Thanks for installing, have fun. Please refer to my docs if you need any help: https://kreusadacogs.readthedocs.io/en/latest/cog_gallery.html",
    "name" : "Gallery",
    "short" : "Set channels as galleries, deleting all messages that don't contain any attachments.",
    "description" : "Set channels as galleries, deleting all messages that don't contain any attachments.",
    "tags" : ["gallery"],
    "end_user_data_statement": "This cog does not store any user data."
}
