{
    "author": ["rusty-man"],
    "description": "Cog to get user's global/guild avatar in an embed, without any bloat.",
    "install_msg": "Thanks for installing `avatar`. See `[p]help Avatar` for details.\n\nVisit [-this-](<https://github.com/rusty-man/rusty-cogs/tree/main/avatar>) for a dedicated guide.",
    "short": "Get a user's avatar.",
    "hidden": false,
    "disabled": false,
    "required_cogs": {},
    "requirements": [],
    "tags": ["server","user","avatar"],
    "type": "COG",
    "min_bot_version": "3.5.10"
  }
