{
    "author": ["hollowstrawberry"],
    "min_bot_version": "3.5.0",
    "description": "Logs deleted images for moderation purposes.\n⚠️ Usage warning: You may or may not be liable for keeping content that breaks Discord TOS.",
    "hidden": false,
    "install_msg": "🎐 __**ImageLog**__ ```Cog installed. Instructions:\n1. Load it with [p]load imagelog\n2. Set the log channel with [p]imagelog setchannel```",
    "required_cogs": {},
    "requirements": [],
    "short": "Logs deleted images for moderation purposes.",
    "end_user_data_statement": "This cog stores images sent by users into a moderation channel until they are manually removed. You may or may not be liable for their content if they break Discord TOS.",
    "tags": ["crab", "message", "scan", "log", "image", "moderation"]
}
