{
    "$schema": "https://raw.githubusercontent.com/Cog-Creators/Red-DiscordBot/V3/develop/schema/red_cog.schema.json",
    "author": [
        "Vexed (@vexingvexed)"
    ],
    "description": "Get users to add their birthday, then on their birthday they will get a special role. Server owners can set the time of day, announcement message and role.",
    "end_user_data_statement": "This cog will associate a User ID with a birthday if the user explicitly sets it. This data is also associated with a specific guild ID. No other data or metadata about users is stored.",
    "install_msg": "Thanks for installing! You can set the cog up with `[p]bdset interactive`, then your members can use `[p]bday set <date>`.\n\nThis cog has docs! Check them out at <https://go.vexcodes.com/c/birthday>",
    "min_bot_version": "3.5.1",
    "min_python_version": [
        3,
        8,
        1
    ],
    "name": "Birthday",
    "requirements": [],
    "short": "Birthday cog with customisable roles, messages and times.",
    "tags": [
        "birthday",
        "birthdays",
        "bday",
        "fun",
        "role"
    ]
}
