{
    "name": "CustomError",
    "short": "Customize your bots error message.",
    "description": "Red already has a core command that changes the error message but I made my own with customization.\nThis cog uses AdvancedTagScriptEngine so be sure you have knowledge in that.\nCredits to sitryk, cray and phen for some of the code.",
    "end_user_data_statement": "This cog does not store any end user data whatsoever.",
    "install_msg": "Thank you for installing CustomError. Load the cog with `[p]load customerror`. This cog uses AdvancedTagScriptEgnine so before using this cog make sure you know TagScript if not learn it at https://seina-cogs.readthedocs.io/en/latest.",
    "author": [
        "NoobInDaHause"
    ],
    "min_bot_version": "3.5.0",
    "hidden": false,
    "disabled": false,
    "required_cogs": {},
    "requirements": [
        "AdvancedTagScriptEngine",
        "git+https://github.com/NoobInDaHause/noobutils.git"
    ],
    "tags": [
        "Error",
        "Customerror"
    ],
    "type": "COG"
}