{
    "author": [
        "Dav"
    ],
    "description": "Get statistics about your modlog cases.",
    "hidden": false,
    "install_msg": "Thank you for installing modlogstats. This cog uses multithreading. It is your responsibility to ensure your CPU can handle that.\n\nUse at your own risk.",
    "short": "Modlog statistics",
    "tags": [
        "stats",
        "modlog",
        "statistics",
        "long-ass-command"
    ],
    "end_user_data_statement": "This cog stores no end user data.",
    "mmin_bot_version": "3.5.0"
}