{
    "name": "CustomHelp",
    "short": "A custom help",
    "description": "This is customisable help, kindly read the readme of this cog, to set it up",
    "end_user_data_statement": "This cog does not persistently store any data or metadata about users.",
    "author": [
        "epic guy",
        "PhenoM4n4n"
    ],
    "install_msg": "This is a BETA cog, so expect bugs and kindly report them to me in the cog support server\n The docs for this cog can be found here: https://npc-cogs.readthedocs.io/en/latest/",
    "requirements": [
        "tabulate",
        "packaging"
    ],
    "tags": [
        "help",
        "utility"
    ],
    "min_bot_version": "3.3.10",
    "type": "COG"
}
