{
    "author": [
        "flare(flare#0001)"
    ],
    "install_msg": "Random credits drop, where people can answer questions or pick them up!",
    "name": "CashDrop",
    "disabled": false,
    "short": "Random credits drop, where people can answer questions or pick them up!",
    "description": "Random credits drop, where people can answer questions or pick them up!",
    "tags": [
        "maths",
        "drop",
        "credits",
        "questions",
        "random",
        "random-drop",
        "random-credits",
        "random-questions",
        "economy"
    ],
    "min_bot_version": "3.5.0",
    "hidden": false
}
