{
    "author": [
        "Zephyrkul (Zephyrkul#1089)"
    ],
    "install_msg": "Usage: `[p]help AutoDisconnect`",
    "name": "AutoDisconnect",
    "short": "Automatically disconnect inactive VC users. Requires a set AFK channel.",
    "description": "Automatically disconnect inactive VC users. Requires a set AFK channel.",
    "min_bot_version": "3.5.0",
    "tags": [
        "voice",
        "utility"
    ],
    "end_user_data_statement": "This cog does not persistently store any data or metadata about users."
}
