{
    "name": "cmdlogger",
    "short": "Log command usage",
    "description": "Log when certain commands get used. This will always log to the console and can optionally log to a channel.",
    "end_user_data_statement": "This cog does not store end user data.",
    "install_msg": "Thank you for installing Jojo's cmdlogger!\nIf you find any bugs with this cog, make an issue on my github <https://github.com/Just-Jojo/JojoCogs>",
    "author": [
        "Jojo#7791"
    ],
    "required_cogs": {},
    "requirements": [],
    "tags": [
        "utility", "log", "command"
    ],
    "min_bot_version": "3.5.0.dev0",
    "hidden": false,
    "disabled": false,
    "type": "COG"
}
