{
    "author": [
        "max"
    ],
    "name": "Counting",
    "install_msg": "Thanks for installing.\n## Check `[p]countingset` to get started. Set channel to begin counting!\n-# if you enjoy my cog and wants to support me, you can do so from [github sponsor](<https://github.com/sponsors/ltzmax>) or [buy me a coffee](<https://www.buymeacoffee.com/ltzmax>)",
    "description": "Count from 1 to infinity! with some customizable settings.",
    "short": "Count from 1 to infinity! with some customizable settings.",
    "hidden": false,
    "min_bot_version": "3.5.13",
    "tags": [
        "counting",
        "count"
    ],
    "permissions": [
        "manage_messages"
    ],
    "requirements": ["tabulate", "emoji", "apscheduler"],
    "min_python_version": [
        3,
        9,
        0
    ],
    "end_user_data_statement": "This cog does not store any End User Data.",
    "type": "COG"
}
