{
    "name": "DisboardReminder",
    "short" : "Set a reminder to bump on Disboard.",
    "description" : "Set a reminder to bump on Disboard.",
    "end_user_data_statement": "This cog does not persistently store any data or metadata about users.",
    "install_msg": "Thank you for installing DisboardReminder.",
    "author": [
        "inthedark.org",
        "PhenoM4n4n"
    ],
    "required_cogs": {},
    "requirements": ["unidecode", "rapidfuzz", "AdvancedTagScriptEngine"],
    "tags": ["Disboard", "Reminder"],
    "min_bot_version": "3.5.0",
    "min_python_version": [3, 10, 0],
    "hidden": false,
    "disabled": false,
    "type": "COG"
}
