{
    "name": "Lock",
    "short": "Lock channels",
    "description": "Lock channels or the whole server",
    "end_user_data_statement": "This cog does not persistently store any data or metadata about users.",
    "install_msg": "Thanks for installing Lock!",
    "author": [
        "PhenoM4n4n"
    ],
    "required_cogs": {},
    "requirements": ["unidecode", "rapidfuzz"],
    "tags": [
        "utility",
        "server"
    ],
    "min_bot_version": "3.3.10",
    "hidden": false,
    "disabled": false,
    "type": "COG"
}
