{
    "name": "Google",
    "short": "A google search cog, with rich card results",
    "description": "This searches google and fetches results using a custom scraper. The reverse search supports replies as well",
    "end_user_data_statement": "This cog does not persistently store any data or metadata about users.",
    "install_msg": "Warning: This might get your ip 429'ed from google.com for a day or so at max. (Haven't gotten to that despite testing hard)\n Shoutout to siu3334 for making half the commands (autofill, doodle, books) lulz\nFixator helped me so much, with the query url and in many many other things.",
    "author": [
        "epic guy",
        "ow0x",
        "fixator10"
    ],
    "required_cogs": {},
    "requirements": [
        "html2text",
        "beautifulsoup4",
        "js2py",
        "git+https://github.com/npc203/redbot-ext-menus-views"
    ],
    "tags": [
        "fun",
        "utility",
        "internet"
    ],
    "min_bot_version": "3.3.10",
    "hidden": false,
    "disabled": false,
    "type": "COG"
}
