{
    "author": ["AAA3A"],
    "name": "DiscordEdit",
    "install_msg": "Thank you for installing this cog!\nDo `[p]help CogName` to get the list of commands and their description. If you enjoy my work, please consider donating on [Buy Me a Coffee](<https://www.buymeacoffee.com/aaa3a>) or [Ko-Fi](<https://ko-fi.com/aaa3a>)!",
    "short": "A cog to edit Discord default objects, like guilds, roles, text channels, voice channels, threads and AutoMod!",
    "description": "Have you ever wanted to edit roles, text channels, voice channels, ...? Then this cog is for you! It simply allows you to use commands to change the settings of a default Discord object.",
    "tags": [
        "discord",
        "edit",
        "guild",
        "role",
        "channel"
    ],
    "requirements": ["git+https://github.com/AAA3A-AAA3A/AAA3A_utils.git", "emoji"],
    "min_bot_version": "3.5.0",
    "end_user_data_statement": "This cog does not persistently store data or metadata about users."
}