{
  "author": [
    "Vertyco"
  ],
  "description": "Anti-Nuke functions",
  "disabled": false,
  "end_user_data_statement": "This cog does not store data about users.",
  "hidden": false,
  "install_msg": "Thank you for installing.\n\nDOCUMENTATION: https://github.com/vertyco/vrt-cogs/blob/main/nonuke/README.md",
  "min_bot_version": "3.5.0",
  "min_python_version": [3, 10, 0],
  "permissions": [],
  "required_cogs": {},
  "requirements": ["pydantic"],
  "short": "Anti-Nuke Cog",
  "tags": [
    "nuke",
    "antinuke",
    "anti-nuke",
    "nonuke"
  ],
  "type": "COG"
}
