{
    "author": ["AAA3A"],
    "name": "EmojiMixup",
    "install_msg": "Thank you for installing this cog!\nDo `[p]help CogName` to get the list of commands and their description. If you enjoy my work, please consider donating on [Buy Me a Coffee](<https://www.buymeacoffee.com/aaa3a>) or [Ko-Fi](<https://ko-fi.com/aaa3a>)!",
    "short": "Mix and match emojis to create new ones, from Google's Emoji Kitchen!",
    "description": "Have you ever wanted to combine two emojis into one? Now you can from your Discord server!",
    "tags": [
        "emoji",
        "mixup",
        "fun",
        "utility",
        "image",
        "google"
    ],
    "requirements": ["git+https://github.com/AAA3A-AAA3A/AAA3A_utils.git"],
    "min_bot_version": "3.5.0",
    "end_user_data_statement": "This cog does not persistently store data or metadata about users."
}