{
    "author": ["AAA3A"],
    "name": "Security",
    "install_msg": "Thank you for installing this cog!\nDo `[p]help CogName` to get the list of commands and their description. If you enjoy my work, please consider donating on [Buy Me a Coffee](<https://www.buymeacoffee.com/aaa3a>) or [Ko-Fi](<https://ko-fi.com/aaa3a>)!",
    "short": "Protect your servers from unwanted members, spam, but also from nuke attacks and more! This includes a quarantine/modlog system, and many modules like Auto Mod, Reports, Logging, Anti Nuke, Protected Roles, and more!",
    "description": "Protect your servers from unwanted members, spam, but also from nuke attacks and more! This includes a quarantine/modlog system, and many modules like Auto Mod, Reports, Logging, Anti Nuke, Protected Roles, and more!",
    "tags": [
        "security",
        "spam",
        "raid",
        "protection",
        "nuke",
        "logging"
    ],
    "requirements": ["git+https://github.com/AAA3A-AAA3A/AAA3A_utils.git", "onetimepass", "qrcode", "pillow", "numpy", "fuzzywuzzy", "Levenshtein", "emoji", "chat-exporter"],
    "min_bot_version": "3.5.3",
    "end_user_data_statement": "This cog does not persistently store data or metadata about users."
}