{
    "name": "RoleUtils",
    "short": "Reaction roles, massroling, and role targeting!.",
    "description": "Reaction roles, massroling, and role targeting!.",
    "end_user_data_statement": "This cog does not persistently store any data or metadata about users.",
    "install_msg": "Thanks for installing RoleUtils! Get started with `[p]help RoleUtils`.",
    "author": [
        "inthedark.org",
        "PhenoM4n4n",
        "Bobloy",
        "TrustyJaid",
        "Neuro Assassin"
    ],
    "required_cogs": {},
    "requirements": ["unidecode", "rapidfuzz", "AdvancedTagScriptEngine"],
    "tags": [
        "utility",
        "server",
        "roles"
    ],
    "min_bot_version": "3.5.0",
    "min_python_version": [3, 10, 0],
    "hidden": false,
    "disabled": false,
    "type": "COG"
}
