{
  "author": ["Vertyco" ],
  "description": "Create backups of your Discord server and restore them easily",
  "disabled": false,
  "end_user_data_statement": "This cog stores information about your entire discord server including user IDs.\n**NOTE**\nRestoring backups can be rate-limit intensive, and may take quite a while.",
  "hidden": false,
  "install_msg": "Thank you for installing! Use the `[p]cargorapherset` command to view the settings.\n\nTHIS COG IS NOT INTENDED FOR PUBLIC BOTS! SERVER BACKUPS TAKE UP A LOT OF SPACE AND CAN BE RATE-LIMIT INTENSIVE!",
  "min_bot_version": "3.5.3",
  "min_python_version": [3, 10, 0],
  "permissions": ["administrator"],
  "required_cogs": {},
  "requirements": ["pydantic", "tenacity"],
  "short": "Discord Server Backup/Restore",
  "tags": ["backup", "backups", "restore", "cartographer"],
  "type": "COG"
}
