{
    "author": ["AAA3A"],
    "name": "Calculator",
    "install_msg": "Thank you for installing this cog!\nDo `[p]help CogName` to get the list of commands and their description. If you enjoy my work, please consider donating on [Buy Me a Coffee](<https://www.buymeacoffee.com/aaa3a>) or [Ko-Fi](<https://ko-fi.com/aaa3a>)!",
    "short": "A cog to do simple calculations from Discord with buttons!",
    "description": "Have you ever wanted to do simple calculations without leaving Discord with buttons? Then this cog is for you!",
    "tags": [
        "calculation",
        "calc",
        "calculator",
        "maths"
    ],
    "requirements": ["git+https://github.com/AAA3A-AAA3A/AAA3A_utils.git", "expr.py"],
    "min_bot_version": "3.5.0",
    "end_user_data_statement": "This cog does not persistently store data or metadata about users. The calculation history is temporary and deleted as soon as the cog is reloaded."
}