{
    "author": ["hollowstrawberry"],
    "min_bot_version": "3.5.0",
    "description": "A few fun commands involving randomness: [p]rate, [p]pp, [p]donut",
    "hidden": false,
    "install_msg": "🎲 __**Randomness**__ ```Cog installed. Instructions:\n1. Load it with [p]load randomness\n2. View commands with [p]help Randomness\n3. You may configure the output of [p]donut with [p]donut set```",
    "required_cogs": {},
    "requirements": [],
    "short": "A few fun commands involving randomness: [p]rate, [p]pp, [p]donut",
    "end_user_data_statement": "This cog stores user IDs to keep track of your donut score.",
    "tags": ["crab", "fun", "random", "misc"]
}
