{
  "author": ["coffeebank", "aikaterna", "fishyfing"],
  "description": "Check timezones, user times, or times in specific places. Forked from aikaterna's improvements, cog originally by Fishyfing.",
  "install_msg" : "Thanks for installing, I hope you enjoy :) To stay up to date with breaking changes, you might want to join my Support Discord. To find documentation, Discord, and more, drop by my site at https://coffeebank.github.io/coffee-cogs/coffeetime/",
  "name" : "coffeetime",
  "short": "Check times for users and places.",
  "tags": ["time", "timezone"],
  "requirements": ["pytz", "fuzzywuzzy"],
  "type": "COG",
  "end_user_data_statement": "This cog stores data provided by users for the express purpose of redisplaying. It does not store user data which was not provided through a command. Users may remove their own content without making a data removal request. This cog does not support data requests, but will respect deletion requests.",
  "min_bot_version": "3.5.0"
}
