{
    "author": [
        "Kreusada"
    ],
    "description": "Create embeds using buttons, modals and dropdowns!",
    "disabled": false,
    "end_user_data_statement": "This cog does not persistently store data or metadata about users.",
    "hidden": false,
    "install_msg": "Thanks for installing, have fun. Please refer to my docs if you need any help: https://kreusadacogs.readthedocs.io/en/latest/cog_embedcreator.html\n\nThis cog has only recently been released, please use #support_kreusada-cogs in the cog support server to provide further suggestions to enhance the cog, or to report any bugs that you come across.",
    "name": "EmbedCreator",
    "required_cogs": {},
    "requirements": [],
    "short": "Create embeds using buttons and modals!",
    "tags": [
        "Embeds",
        "Create",
        "Buttons",
        "Modals",
        "Dropdowns",
        "Selects"
    ],
    "type": "COG"
}
