{
    "author": ["rusty-man"],
    "description": "Cog to get user's banner in an embed, without any bloat.",
    "install_msg": "Thanks for installing `banner`. See `[p]help Banner` for details.\n\nVisit [-this-](<https://github.com/rusty-man/rusty-cogs/tree/main/banner>) for a dedicated guide.",
    "short": "Get a user's banner.",
    "hidden": false,
    "disabled": false,
    "required_cogs": {},
    "requirements": [],
    "tags": ["server","user","banner"],
    "type": "COG"
  }
