{
    "author": ["hollowstrawberry"],
    "min_bot_version": "3.5.0",
    "description": "Steals emojis and stickers sent by other people and optionally uploads them to your own server. Supports context menu commands. Can also upload stickers from mobile.",
    "hidden": false,
    "install_msg": "\uD83D\uDE36 __**EmojiSteal**__ ```Cog installed. Instructions:\n1. Load it with [p]load emojisteal\n2. View commands with [p]help EmojiSteal\n3a. Optionally, enable the context menu commands with [p]slash enablecog emojisteal\n  3b. Sync commands with [p]slash sync\n  3c. You may need to restart Discord to see the new commands.```",
    "required_cogs": {},
    "requirements": [],
    "short": "Steals emojis and stickers sent by other people.",
    "end_user_data_statement": "This cog does not store any user data.",
    "tags": ["crab", "emoji", "sticker", "steal", "image", "slash", "message", "context", "menu"]
}
